identifier_file,title,title_initial_article,rights,rights holder,name_authority,name_type,item_type,date_key,date_text,date_qualifier,form,collection,collection_identifier,identifier_opac,name,name_role,name_authority,name_type,name1,name_role1,name_authority1,name_type1,repository,abstract,date_publication,extent,genre,language,project_title,public_note,record_source,subject_geographic,subject_geographic_authority,subject_geographic1,subject_geographic_authority1,subject_name,subject_name_authority,subject_name1,subject_name_authority1,subject_topical,subject_topical_authority,subject_topical1,subject_topical_authority1,subject_topical2,subject_topical_authority2,subject_topical3,subject_topical_authority3,subject_topical4,subject_topical_authority4,subject_topical5,subject_topical_authority5,subject_topical6,subject_topical_authority6
This is the file name / sequencing number that is used to match the descriptive metadata to the physical file.,"Title of object. Transcribe as found, construct a descriptive title if no title exists. Use with title_initial_article if applicable.","Put any relevant initial articles for the title_of_work into this column. The rest of the title of the work, sans initial article, should appear in the title_of_work column.",Enter any applicable rights information. See data dicitionary for more information.,"This is for name(s) of rights holder(s) of the resource. Format personal names in the following format: Last name, First name. Format corporate names in direct order, e.g., France-America Society. Use the name form found in the LCNAF when available, including birth and death dates or other information when present. Use VIAF or Getty ULAN if a LCNAF record does not exist.",Put the name or code for the authority from which you took the name.,"Put either conference, corporate, family or personal for the type of name.","Use Still Image for nonmoving visual information, e.g., jpeg image. For film and video use Moving Image. For audio use Sound.",The is the structured/key form of the date which can be used for searching. Follow EDTF formatting for single dates and ranges.http://bit.ly/2hhq8HP,"This is the display/human-readable form of the date. Date may be entered in structured form, e.g., 1935-07-09 or textual form, e.g., July 9th, 1935. Use circa, approximately, or other appropriate term, when the date is uncertain, e.g., circa 1945. Repeat if transcription/translated/transliteration needed.","Indicate the type of date using one of the following values â€“ exact, approximate, inferred, or questionable.",Select the appropriate term(s) to describe the physical form of the item from the Getty AAT.,Enter the name of the relevant archival collection if applicable using the name that appears in the Archival Collections discovery layer (Scout). Do not use abbreviations.,Include the identifier for the physical collection that the item to be digitized is a part of.,"Enter the unique numeric identifier in the 001 MARC field for items that have records in the catalog, format as 5504426.","This is for names of creators/contributors of the resource. If someone is the subject of that resource, put them in subject_name. If someone is a publisher, use publisher instead. Format personal names in the following format: Last name, First name. Format corporate names in direct order, e.g., France-America Society. Use the name form found in the LCNAF when available, including birth and death dates or other information when present. Use VIAF or Getty ULAN if a LCNAF record does not exist.",Enter the role of the person/organization named using the MARC relator and role codes - http://id.loc.gov/vocabulary/relators.html,Put the name or code for the authority from which you took the name.,"Put either conference, corporate, family or personal for the type of name.",,,Put the name or code for the authority from which you took the name.,"Put either conference, corporate, family or personal for the type of name.",Enter the name of the holding institution.,"Enter any relevant descriptive information. Please ensure that the descriptive information pertains to the digitized object specifically and not a larger work/collection/exhibition, as the context for the record will change over time.",Enter a publication date if applicable.,"Enter information about the physical extent of an item (e.g., 1 score (ix, 12 pages) ) including dimensions. Specify the unit of measurement. [From UTK Data Dictionary: Provide the measurements in the form of height x width for two dimensional objects.]","Select the appropriate term(s) from the LC Genre/Form Terms to describe the particular style or content of the object, such as artistic/musical genre, literary composition, etc.",Use for the language of the item being cataloged/described. Use a MARC code form of the language - http://www.loc.gov/marc/languages/language_code.html,"Use the digital project/exhibit title here, as taken from the homepage.",Enter any relevant information that should be publicly viewable but that does not belong in any of the other fields.,Autogenerated to be University of Tennessee Libraries and Special Collections. Enter information only if this differs.,Use for geographic subjects. Term should be taken from a controlled vocabulary such as Library of Congress Subject Headings or Name Authority File for political entities.,Put the name or code for the authority from which you took the geographic subject heading.,,,Use for names/title subjects. Term should be taken from either the Library of Congress Name Authority File or FAST (Faceted Application of Subject Terminology,Put the name or code for the authority from which you took the name subject heading.,,,"Use for topical subjects. Term should be taken from a controlled vocabulary such as Library of Congress Subject Headings. [For photographs, also use LC Thesaurus for Graphic Materials (LCTGM)]",Put the name or code for the authority from which you took the topical subject heading.,,Put the name or code for the authority from which you took the topical subject heading.,,Put the name or code for the authority from which you took the topical subject heading.,,Put the name or code for the authority from which you took the topical subject heading.,,,,,,
Required / Not Repeatable,Required / Repeatable,Required if Available / Repeatable,Required / Not Repeatable,,,,Required / Not Repeatable,Required / Not Repeatable,Required / Repeatable,Required if Applicable / Not Repeatable,Required / Repeatable,Required if Available / Not Repeatable,Required if Available / Not Repeatable,Required if Available / Not Repeatable,Required if Available / Repeatable,Required if Available / Repeatable,Optional / Repeatable,Optional / Repeatable,,,Optional / Repeatable,Optional / Repeatable,Required if Available / Not Repeatable,Optional / Repeatable,Optional / Not Repeatable,Optional / Not Repeatable,Optional / Repeatable,Optional / Repeatable,Optional / Not Repeatable,Optional / Not Repeatable,Required / Not Repeatable,Optional / Repeatable,Optional / Repeatable,"
",,Optional / Repeatable,Optional / Repeatable,,,Optional / Repeatable,Optional / Repeatable,,Optional / Repeatable,,Optional / Repeatable,,Optional / Repeatable,,,,,,
0012_000104_000204,"""Senator Investigates!""",The,http://rightsstatements.org/page/InC-RUU/1.0/?language=en,Committee of Americans,,Corporate,text,1951,1951,exact,comics (documents),Estes Kefauver Papers,MPA.0144,,,,,,,,,,"University of Tennessee, Knoxville. Special Collections",Short comic book featuring Senator Estes Kefauver explaining the dangers of sports betting to college atheletes. ,1951,1 pamphlet (4 pages) ,,eng,Kefauver Crime Documents,,,,,,,"Kefauver, Estes, 1903-1963",LCNAF,,,Sports betting,LCSH,Political corruption,LCSH,College sports,LCSH,Gambling,LCSH,,,,,,
0012_000104_000205,Statement on the Senate Crime Committee's limited exploration of sports betting,,http://rightsstatements.org/page/NKC/1.0/?language=en,"Kefauver, Estes, 1903-1963",LCNAF,personal,text,1954,"December 20, 1954",exact,reports,Estes Kefauver Papers,MPA.0144,,"Kefauver, Estes 1903-1963",Creator,LC,personal,,,,,"University of Tennessee, Knoxville. Special Collections",Reflection on insights of sports betting witness in previous crime committee hearings.,1954,1 document (4 pages) ,,eng,Kefauver Crime Documents,,,,,,,"Kefauver, Estes, 1903-1963",LCNAF,United States. Congress. Senate. Special Committee to Investigate Organized Crime in Interstate Commerce,LCNAF,Sports betting,LCSH,,,,,Gambling,LCSH,,,,,,
0012_000104_000206,"""Statement of Senator Estes Kefauver on Resolution to Investigate Interstate Gambling and Racketeering""",,http://rightsstatements.org/page/NKC/1.0/?language=en,"Kefauver, Estes, 1903-1963",LCNAF,personal,text,1950,1950,approximate,drafts (documents),Estes Kefauver Papers,MPA.0144,,"Kefauver, Estes 1903-1963",Creator,LC,personal,,,,,"University of Tennessee, Knoxville. Special Collections",Draft of a statement introducing resolution S.J. Res. 202.,,1 document (2 pages),,eng,Kefauver Crime Documents,,,,,,,United States. Congress. Senate. Special Committee to Investigate Organized Crime in Interstate Commerce,LCNAF,,,,,,,,,,,,,,,,
0012_000104_000207,"""Press release: From Senate Committee to Investigate Organized Crime in Interstate Commerce"" ",,http://rightsstatements.org/page/NKC/1.0/?language=en,"Kefauver, Estes, 1903-1963",LCNAF,personal,text,1950,"October 4, 1950",exact,press releases,Estes Kefauver Papers,MPA.0144,,United States. Congress. Senate. Special Committee to Investigate Organized Crime in Interstate Commerce,Creator,LC,corporate,,,,,"University of Tennessee, Knoxville. Special Collections",Press release announcing that the committee has enlisted the State Department in locating witnesses who have gone to Mexico.,,1 document (1 page), ,eng,Kefauver Crime Documents,,,Chicago,,,,United States. Congress. Senate. Special Committee to Investigate Organized Crime in Interstate Commerce,LCNAF,,,Organized crime,,,,,,,,,,,,,
0012_000104_000208,Memorandum from Senator Estes Kefauver to members of the Committee,,http://rightsstatements.org/page/NKC/1.0/?language=en,"Kefauver, Estes, 1903-1963",LCNAF,personal,text,1951,"March 23, 1951",exact,memorandum,Estes Kefauver Papers,MPA.0144,,"Kefauver, Estes 1903-1963",Creator,LC,personal,,,,,"University of Tennessee, Knoxville. Special Collections",Memorandum addressing commitments made to air hearings on some stations under commercial sponsorship.,,1 document (1 page),,eng,Kefauver Crime Documents,,,,,,,United States. Congress. Senate. Special Committee to Investigate Organized Crime in Interstate Commerce,LCNAF,,,Organized crime,LCSH,Legislative hearings--United States,LCSH,Television,LCSH,,,,,,,,
0012_000104_000209,Press release announcing selection of Rudolph Halley as Chief Counsel to the Committee,,http://rightsstatements.org/page/NKC/1.0/?language=en,"Kefauver, Estes, 1903-1963",LCNAF,personal,text,1950,"May 13, 1950",exact,press releases,Estes Kefauver Papers,MPA.0144,,United States. Congress. Senate. Special Committee to Investigate Organized Crime in Interstate Commerce,Creator,LC,corporate,,,,,"University of Tennessee, Knoxville. Special Collections",Press release announcing selection of Rudolph Halley as Chief Counsel to the Committee.,,1 document (1 page),,eng,Kefauver Crime Documents,,,,,,,"Halley, Rudolph, 1913-1956",LCNAF,United States. Congress. Senate. Special Committee to Investigate Organized Crime in Interstate Commerce,LCNAF,,,,,,,,,,,,,,
0012_000104_000211,Memorandum on resolution referred to the Judiciary Committee.,,http://rightsstatements.org/page/NKC/1.0/?language=en,"Kefauver, Estes, 1903-1963",LCNAF,personal,text,1955,"October 28, 1955",exact,memorandum,Estes Kefauver Papers,MPA.0144,,"Kefauver, Estes 1903-1963",Creator,LC,personal,,,,,"University of Tennessee, Knoxville. Special Collections","Memorandum requesting action on Kefuaver's previously submitted resolution (S. Res, 91, April 18, 1995. Providing for a study of the extent to which officers of anti-crime civic organizations may be required to divulge confidential sources of information.""",,1 document (1 page),,eng,Kefauver Crime Documents,,,,,,,United States. Congress. Senate. Special Committee to Investigate Organized Crime in Interstate Commerce,LCNAF, , ,,,,,,,,,,,,,,
0012_000104_000212,"""Senator Speaks on Gambling""",A,http://rightsstatements.org/page/NKC/1.0/?language=en,"Kefauver, Estes, 1903-1963",LCNAF,personal,text,1953,circa 1953,inferred,leaflets,Estes Kefauver Papers,MPA.0144,,"Kefauver, Estes 1903-1963",Author,LC,personal,Southern Baptist Convention. Christian Life Commission,publisher,LC,,"University of Tennessee, Knoxville. Special Collections",Estes Kefauver presents evidence of the destructive results of gambling in this leaflet produced and distributed by the Christian Life Commission.,,1 document (4 pages),Tracts (Ephemera),eng,Kefauver Crime Documents,,,,,,, ,,,,Gambling,LCSH,,,,,,,,,,,,
0012_000104_000213,Report on deportation of persons cited by Kefauver Crime Committee,,http://rightsstatements.org/page/NKC/1.0/?language=en,"Kefauver, Estes, 1903-1963",LCNAF,personal,text,1954,"July 26, 1954",exact,reports,Estes Kefauver Papers,mpa.0144,,"Kefauver, Estes 1903-1964",Creator,LC,personal,,,,,"University of Tennessee, Knoxville. Special Collections","Report relating that officials at the  Immigration and Naturalization Department confirmed that 5 named persons cited by the Kefauver Crime Committee had been deported, and that twelve others were also due to be departed. The report also discusses a bill which would have precluded the deportations had it have been successful.",,1 document (1 page),,eng,Kefauver Crime Documents,,,,,,,United States. Congress. Senate. Special Committee to Investigate Organized Crime in Interstate Commerce,LCNAF,United States. Bureau of Immigration and Naturalization,LCNAF,Organized crime,LCSH,Deportation,LCSH,Legislative hearings--United States,LCSH,Witnesses,LCSH,,,,,,
0012_000104_000214,"""Statement of Senator Estes Kefauver on Resolution to Investigate Interstate Gambling and Racketeering""",,http://rightsstatements.org/page/NKC/1.0/?language=en,"Kefauver, Estes, 1903-1963",LCNAF,personal,text,1951,"October 29, 1951",exact,drafts (documents),Estes Kefauver Papers,mpa.0144,,"Kefauver, Estes 1903-1965",Creator,LC,personal,,,,,"University of Tennessee, Knoxville. Special Collections","Statement defending the committee and Special Counsel Rudolph Halley against accusations of unethical behavior involving his appointment, including involvement of Tammany Hall.",,1 document (2 pages),,eng,Kefauver Crime Documents,,,New York (N.Y.),LCNAF,,,United States. Congress. Senate. Special Committee to Investigate Organized Crime in Interstate Commerce,LCNAF,"Halley, Rudolph, 1913-1956",LCNAF,,,,,,,,,,,,,,
0012_000104_000215,Memorandum in support of Senate Resolution 368,,http://rightsstatements.org/page/NKC/1.0/?language=en,"Kefauver, Estes, 1903-1963",LCNAF,personal,text,1950,1950,approximate,memorandum,Estes Kefauver Papers,mpa.0144,,,,,,,,,,"University of Tennessee, Knoxville. Special Collections","Memorandum written for the Judiciary Committee in support of Senate Resolution 368, which would direct the Sergeant-at-Arms to arrest eleven witnesses upon whom the Special Committee to Investigate Organized Crime have been unable to serve subpenas. The memoranda presents legal arguments in favor of the resolution.",,1 document (8 pages),,eng,Kefauver Crime Documents,,,,,,,United States. Congress. Senate. Special Committee to Investigate Organized Crime in Interstate Commerce,LCNAF,,,Witnesses,LCSH,Legislative hearings--United States,LCSH,,,,,,,,,,
0012_000104_000216,Draft of committee report on Infiltration of Organized Crime Into Legitimate Enterprises,,http://rightsstatements.org/page/NKC/1.0/?language=en,"Kefauver, Estes, 1903-1963",LCNAF,personal,text,1951,"March 22, 1951",exact,drafts (documents),Estes Kefauver Papers,Mpa.0144,,"Wolf, Angus S.",Author,LC,personal,,,,,"University of Tennessee, Knoxville. Special Collections","Draft of committee report on Infiltration of Organized Crime into Legitimate Enterprises. The document covers dangers to the public, public indifference, and information about infiltration into several different industries such as liquor, transportation, and oil (among others).",,1 document (123 pages),,eng,Kefauver Crime Documents,,,,,,,United States. Congress. Senate. Special Committee to Investigate Organized Crime in Interstate Commerce,LCNAF,,,Organized crime,LCSH,Legislative hearings--United States,LCSH, , ,,,,,,,,
0012_000104_000217,Draft of statement rejecting legalized gambling,,http://rightsstatements.org/page/NKC/1.0/?language=en,"Kefauver, Estes, 1903-1963",LCNAF,personal,text,1951,1951,inferred,drafts (documents),Estes Kefauver Papers,Mpa.0144,,"Kefauver, Estes 1903-1963",Creator,LC,personal,,,,,"University of Tennessee, Knoxville. Special Collections",Draft citing findings of crime hearings to argue against the legalization of gambling.,,1 document (2 pages),,eng,Kefauver Crime Documents,,,,,,,United States. Congress. Senate. Special Committee to Investigate Organized Crime in Interstate Commerce,LCNAF,,,Gambling,LCSH,,,,,,,,,,,,
0012_000104_000218,Document stating objectives of crime committee,,http://rightsstatements.org/page/NKC/1.0/?language=en,"Kefauver, Estes, 1903-1963",LCNAF,personal,text,1950,1950,inferred,drafts (documents),Estes Kefauver Papers,Mpa.0144,,United States. Congress. Senate. Special Committee to Investigate Organized Crime in Interstate Commerce,Creator,LC,Corporate,,,,,"University of Tennessee, Knoxville. Special Collections",Document stating that the intent of the committee is to explore how interstate commerce allows organized crime to thrive,,1 document (3 pages),,eng,Kefauver Crime Documents,,,,,,,United States. Congress. Senate. Special Committee to Investigate Organized Crime in Interstate Commerce,LCNAF,,,Organized crime,LCSH,Interstate commerce,LCSH,,,,,,,,,,
0012_000104_000219,"""Menace of Organized Crime""",The,http://rightsstatements.org/page/NKC/1.0/?language=en,"Kefauver, Estes, 1903-1963",LCNAF,personal,text,1950,"September 19, 1950",exact,speeches (documents),Estes Kefauver Papers,Mpa.0144,,"Kefauver, Estes 1903-1963",Creator,LC,Personal,,,,,"University of Tennessee, Knoxville. Special Collections","Address given by Estes Kefauver to the American Bar Association, Criminal Law Section, reflecting on causes of and attitudes toward crime,  and the work of the Special Committee to Investigate Organized Crime.  ",,1 document (8 pages),,eng,Kefauver Crime Documents,,,,,,,United States. Congress. Senate. Special Committee to Investigate Organized Crime in Interstate Commerce,LCNAF,,,Organized crime,LCSH,,,,,,,,,,,,
0012_000104_000220,"""Weekly Report from the Office of Estes Kefauver U.S. Senator from Tennessee""",,http://rightsstatements.org/page/NKC/1.0/?language=en,"Kefauver, Estes, 1903-1963",LCNAF,personal,text,1951,"January 27, 1951",exact,press releases,Estes Kefauver Papers,MPA.0144,,"Kefauver, Estes 1903-1963",Creator,LC,Personal,,,,,"University of Tennessee, Knoxville. Special Collections","Senator Kefauver gives short remarks on Chinese Nationalists in the Korean War, modifying the draft to include men as young as 18, and the end of his own crime investigation.  ",,1 document (3 pages),,eng,Kefauver Crime Documents,"Senator Estes Kefauver's weekly reports were ""made available to Tennessee newspapers and a 30-station radio network."" In these reports the senator answered constituent questions and addressed controversial subjects.",,,,,,United States. Congress. Senate. Special Committee to Investigate Organized Crime in Interstate Commerce,LCNAF,"Korean War, 1950-1953",LCNAF, , ,,,,,,,,,,,,
0012_000104_000221,Press release on Estes Kefauver's radio report,,http://rightsstatements.org/page/NKC/1.0/?language=en,"Kefauver, Estes, 1903-1963",LCNAF,personal,text,1950,"May 6, 1950",exact,press releases,Estes Kefauver Papers,MPA.0144,,"Kefauver, Estes 1903-1963",Creator,LC,Personal,,,,,"University of Tennessee, Knoxville. Special Collections","Description of radio interview Senator Estes Kefauver gave on Tennessee radio outlets. Kefauver talked about establishing his crime committee, Social Security, and the filibuster of the Fair Employment Practice Committee.",,1 document (2 pages),,eng,Kefauver Crime Documents,,,,,,,United States. Congress. Senate. Special Committee to Investigate Organized Crime in Interstate Commerce,LCNAF,United States Committee on Fair Employment Practice,LCNAF,,,,,,,,,,,,,,
0012_000104_000222,Press release from Senate Committee to Investigate Organized Crime ,,http://rightsstatements.org/page/NKC/1.0/?language=en,"Kefauver, Estes, 1903-1963",LCNAF,personal,text,1951,"January 22, 1951",exact,press releases,Estes Kefauver Papers,MPA.0144,,United States. Congress. Senate. Special Committee to Investigate Organized Crime in Interstate Commerce,Creator,LC,Corporate,,,,,"University of Tennessee, Knoxville. Special Collections",Informs public on accelerated schedule for New York-New Jersey area hearings on organized crime.,,1 document (1 page),,eng,Kefauver Crime Documents,,,New York (N.Y.),LCNAF,,,United States. Congress. Senate. Special Committee to Investigate Organized Crime in Interstate Commerce,LCNAF,"Halley, Rudolph",,,,,,,,,,,,,,,
0012_000104_000223,"""Excerpts from Weekly Radio Report to the People of Tennessee by Senator Estes Kefauver""",,http://rightsstatements.org/page/NKC/1.0/?language=en,"Kefauver, Estes, 1903-1963",LCNAF,personal,text,1950,"April 22, 1950",exact,press releases,Estes Kefauver Papers,MPA.0144,,"Kefauver, Estes 1903-1963",Creator,LC,Personal,,,,,"University of Tennessee, Knoxville. Special Collections","Estes Kefauver discusses his legislation banning interstate shipment of slot machines, the dangers of gambling, and the greatly underestimated role organized crime plays in the nation.",,1 document (2 pages),,eng,Kefauver Crime Documents,"Senator Estes Kefauver's weekly reports were ""made available to Tennessee newspapers and a 30-station radio network."" In these reports the senator answered constituent questions and addressed controversial subjects.",,, ,,,United States. Congress. Senate. Special Committee to Investigate Organized Crime in Interstate Commerce,LCNAF,,,Gambling ,LCSH,Slot machines,LCSH,,,,,,,,,,
0012_000104_000224,"""News Release for Tennessee Papers Based on Weekly Radio Report to 28 Stations in Tennessee by Senator Estes Kefauver (D., TENN.)""",,http://rightsstatements.org/page/NKC/1.0/?language=en,"Kefauver, Estes, 1903-1963",LCNAF,personal,text,1950,"March 10, 1950",exact,press releases,Estes Kefauver Papers,MPA.0144,,"Kefauver, Estes 1903-1963",Creator,LCNAF,Personal,,,,,"University of Tennessee, Knoxville. Special Collections","In his weekly radio report Senator Estes Kefauver plays down the sensationalism of his coming crime investigations, talks briefly about Senator McCarthy's charges of communism in the State Department, whether the head of the Atomic Energy Commission should be a civilian, and addresses other issues. ",,1 document (2 pages),,eng,Kefauver Crime Documents,,,,,,,United States. Congress. Senate. Special Committee to Investigate Organized Crime in Interstate Commerce,LCNAF,,,,,,,,,,,,,,,,
0012_000104_000225,"""Crime's Frightening Upswing""",,http://rightsstatements.org/page/NKC/1.0/?language=en,"Kefauver, Estes, 1903-1963",LCNAF,personal,text,1954,circa 1954,inferred,drafts (documents),Estes Kefauver Papers,MPA.0144,,"Kefauver, Estes 1903-1963",Creator,LCNAF,Personal,,,,,"University of Tennessee, Knoxville. Special Collections","Senator Estes Kefauver discusses recommendations of the Crime committee, including the establishment of a National Crime Commission, whose role would include rehabilitation.",,1 document (4 pages),,eng,Kefauver Crime Documents,,,,,,,United States. Congress. Senate. Special Committee to Investigate Organized Crime in Interstate Commerce,LCNAF,,,Organized crime,LCSH,Criminals--Rehabilitation--United States,LCSH,Correctional institutions,LCSH,,,,,,,,
0012_000104_000226,"""Statement of Senator Kefauver When Introducing Crime Narcotics Bill""",,http://rightsstatements.org/page/NKC/1.0/?language=en,"Kefauver, Estes, 1903-1963",LCNAF,personal,text,1951,"June 18, 1951",exact,drafts (documents),Estes Kefauver Papers,MPA.0144,,"Kefauver, Estes 1903-1963",Creator,LCNAF,Personal,,,,,"University of Tennessee, Knoxville. Special Collections",Statement of Senator Kefauver introducing to the Senate  a bill requiring mandatory minimum penalties for violating narcotics laws (82 S. 1695).,,1 document (2 pages),,eng,Kefauver Crime Documents,"H.R. 3490, the similar bill before the House of Representatives that is mentioned in this statement, which changed the penalties for those who violated certain narcotics laws, was signed into law by President Harry Truman on November 2, 1951.",,,,,,United States. Congress. Senate. Special Committee to Investigate Organized Crime in Interstate Commerce,LCNAF,,,Narcotic laws,LCSH,,,,,,,,,,,,
0012_000104_000227,Draft of statement giving background on Senate Resolution 202.,,http://rightsstatements.org/page/NKC/1.0/?language=en,"Kefauver, Estes, 1903-1963",LCNAF,personal,text,1950,1950,approximate,drafts (documents),Estes Kefauver Papers,MPA.0144,,"Kefauver, Estes 1903-1963",Creator,LCNAF,Personal,,,,,"University of Tennessee, Knoxville. Special Collections",Draft of statement of Senator Estes Kefauver citing the findings of state and city crime commissions as reasons why the Judiciary Committee needs to launch its own investigation into interstate crime.,,1 document (6 pages),,eng,Kefauver Crime Documents,,,,,,,United States. Congress. Senate. Special Committee to Investigate Organized Crime in Interstate Commerce,LCNAF,,,Organized crime,LCSH,Gambling,LCSH,Legislative hearings,LCSH,,,,,,,,
0012_000104_000228,"""Trailer Material""",,http://rightsstatements.org/page/UND/1.0/?language=en,,,,text,1952,circa 1952,inferred,scripts (documents),Estes Kefauver Papers,MPA.0144,,"Kefauver, Estes 1903-1963",Contributor,LCNAF,Personal,,,,,"University of Tennessee, Knoxville. Special Collections","First page of Senator Estes Kefauver's trailer dialogue, presumably for a movie about organized crime.",,1 document (1 page),,eng,Kefauver Crime Documents,Document incomplete; cuts off midsentence.,,,,,,"Kefauver, Estes, 1903-1963",LCNAF,,,Organized crime,LCSH,Gangster films,LCSH,,,,,,,,,,
0012_000104_000229,"""Senator Estes Kefauver to Meet Chelseans for Crime Discussion at Hudson Guild""",,http://rightsstatements.org/page/NKC/1.0/?language=en,"Hudson Guild (New York, N.Y.)",LCNAF,corporate,text,1951,1951,inferred,press releases,Estes Kefauver Papers,MPA.0144,,Hudson Guild Neighborhood House,Creator,LCNAF,Corporate,,,,,"University of Tennessee, Knoxville. Special Collections",Press release announcing a meeting between Senator Estes Kefauver and residents of Chelsea to discuss prevention of lawlessness and corruption. ,,1 document (1 page),,eng,Kefauver Crime Documents,,,"Chelsea (Manhattan, New York, N.Y.)",LCNAF,,,"Kefauver, Estes, 1903-1963",LCNAF,"Hudson Guild (New York, NY)",LCNAF,Organized crime--Prevention,LCSH,,,,,,,,,,,,
0012_000104_000233,"""Citizen's Responsibility for Law Enforcement""",The,http://rightsstatements.org/page/UND/1.0/?language=en,Economic Club of Detroit,LCNAF,personal,text,1950,"November 20, 1950",exact,speeches (documents),Estes Kefauver Papers,MPA.0144,,"Kefauver, Estes 1903-1963",Speaker,LCNAF,Personal, , ,,,"University of Tennessee, Knoxville. Special Collections",Transcript of speech Senator Estes Kefauver gave before the Economic Club of Detroit. Sen. Kefauver details the extent to which organized crime has infiltrated local and state government.,,1 document (13 pages),,eng,Kefauver Crime Documents,,,"Detroit, Mich.",LCNAF,,,"Kefauver, Estes, 1903-1963",LCNAF,,,Organized crime,LCSH,,,,,,,,,,,,
0012_000104_000234,"""Weekly Report No. 11, 82nd Congress""",,http://rightsstatements.org/page/NKC/1.0/?language=en,"Kefauver, Estes, 1903-1963",LCNAF,personal,text,1951,"March 24, 1951",exact,press releases,Estes Kefauver Papers,MPA.0144,,"Kefauver, Estes 1903-1963",Creator,LCNAF,Personal,,,,,"University of Tennessee, Knoxville. Special Collections","Press release announcing that Senator Kefauver will not continue as chairman or member of the Senate Crime Investigating Committee, and briefly listing the reasons why. The reasons include the mission of the investigation being completed and his devotion to other causes, including his Atlantic Union resolution which he hopes will bring peace to the world, and most pressingly in Korea. ",,1 document (3 pages),,eng,Kefauver Crime Documents,,,,,,,"Kefauver, Estes, 1903-1963",LCNAF,United States. Congress. Senate. Special Committee to Investigate Organized Crime in Interstate Commerce,LCNAF,Legislative hearings--United States,LCSH,International organization,LCSH,,,,,,,,,,
0012_000104_000235,"""Opening Remarks of Chairman at New York Hearing""",,http://rightsstatements.org/page/NKC/1.0/?language=en,"Kefauver, Estes, 1903-1963",LCNAF,personal,text,1950,1950,inferred,speeches (documents),Estes Kefauver Papers,MPA.0144,,"Kefauver, Estes 1903-1963",Speaker,LCNAF,Personal,,,,,"University of Tennessee, Knoxville. Special Collections",Senator Kefauver's opening statement at the New York crime hearing.,,1 document (1 page),,eng,Kefauver Crime Documents,,,New York (N.Y.),LCNAF,,,United States. Congress. Senate. Special Committee to Investigate Organized Crime in Interstate Commerce,LCNAF,,,Legislative hearings--United States,LCSH,,,,,,,,,,,,
0012_000104_000237,Draft of Senator Kefauver's personal statement on moving on from Crime committee. ,,http://rightsstatements.org/page/NKC/1.0/?language=en,"Kefauver, Estes, 1903-1963",LCNAF,personal,text,1951,March 1951,inferred,drafts (documents),Estes Kefauver Papers,MPA.0144,,"Kefauver, Estes 1903-1963",Creator,LCNAF,personal,,,,,"University of Tennessee, Knoxville. Special Collections","Draft of statement Senator Kefauver will not continue as chairman or member of the Senate Crime Investigating Committee, and gives a fairly extensive descriptions of why he has made the decision. The reasons include the mission of the investigation being completed and his devotion to other causes, including his Atlantic Union resolution which he hopes will bring peace to the world, most pressingly in Korea.",,1 document (4 pages),,eng,Kefauver Crime Documents,,,,,,,"Kefauver, Estes, 1903-1963",LCNAF,United States. Congress. Senate. Special Committee to Investigate Organized Crime in Interstate Commerce,LCNAF,Legislative hearings--United States,LCSH,International organization,LCSH,,,,,,,,,,
0012_000104_000238,Sponsorship of Television Hearings,,http://rightsstatements.org/page/NKC/1.0/?language=en,"Kefauver, Estes, 1903-1963",LCNAF,personal,text,1950,1950,inferred,drafts (documents),Estes Kefauver Papers,MPA.0144,,United States. Congress. Senate. Special Committee to Investigate Organized Crime in Interstate Commerce,Creator,LCNAF,corporate,,,,,"University of Tennessee, Knoxville. Special Collections",Draft of document outlining policy for commercial sponsorship of televised hearings.,,1 document (2 pages),,eng,Kefauver Crime Documents,,,,,,,United States. Congress. Senate. Special Committee to Investigate Organized Crime in Interstate Commerce,LCNAF,,,Legislative hearings--United States,LCSH,Television,LCSH,,,,,,,,,,
0012_000104_000239,Second interim report of the Special Committee to Investigate Organized Crime in Interstate Commerce,,http://rightsstatements.org/page/NoC-US/1.0/?language=en,"Kefauver, Estes, 1903-1963",LCNAF,personal,text,1951,1951,exact,congressional committee reports,Estes Kefauver Papers,MPA.0144,,"Kefauver, Estes 1903-1963",Creator,LCNAF,personal,United States. Congress. Senate. Special Committee to Investigate Organized Crime in Interstate Commerce,Creator,LCNAF,corporate,"University of Tennessee, Knoxville. Special Collections","Second interim report of findings from the Crime Committee. Covers definition and reach of organized crime and ""the gambling racket"".","February 28, 1951",1 document (38 pages including blank? check drive),,eng,Kefauver Crime Documents,,,,,,,United States. Congress. Senate. Special Committee to Investigate Organized Crime in Interstate Commerce,LCNAF,,,Organized crime,LCSH,Gambling ,LCSH,Political corruption,LCSH,,,,,,,,
0012_000104_000240,Summary of the Federal Anti-Delinquency Program,,http://rightsstatements.org/page/NoC-US/1.0/?language=en,United States. President's Committee on Juvenile Delinquency and Youth Crime,LCNAF,personal,text,1961,1961,inferred,reports,Estes Kefauver Papers,MPA.0144,,United States. President's Committee on Juvenile Delinquency and Youth Crime,Creator,LCNAF,corporate,,,,,"University of Tennessee, Knoxville. Special Collections",The President's Committeee on Juvenile Delinquency and Youth Crime's Summary of the Federal Anti-Delinquency Program. Outlines the goals of the Juvenile Delinquency and Youth Offenses Control Act which authorizes $30 million over three years to combat juvenile delinquency.,,1 document (5 pages),,eng,Kefauver Crime Documents,,,,,,,United States. President's Committee on Juvenile Delinquency and Youth Crime,LCNAF,,,Juvenile delinquency,LCSH,,,,,,,,,,,,
0012_000104_000241,Draft of Senator Kefauver's statement on bill providing assistance to state and local juvenile delinquency programs ,,http://rightsstatements.org/page/NKC/1.0/?language=en,"Kefauver, Estes, 1903-1963",LCNAF,personal,text,1956,1956,approximate,drafts (documents),Estes Kefauver Papers,MPA.0144,,"Kefauver, Estes 1903-1963",Creator,LCNAF,personal,,,,,"University of Tennessee, Knoxville. Special Collections","Draft of statement introducting bill S. 4267, providing assistance to state and local juvenile delinquency programs.",,1 document (15 pages),,eng,Kefauver Crime Documents,,,,,,,United States. Congress. Senate. Committee on the Judiciary. Subcommittee to Investigate Juvenile Delinquency,LCNAF,,,Juvenile delinquency,LCSH,,,,,,,,,,,,
0012_000104_000242,"Draft of Senator Kefauver's statement on a bill establishing office of children's affairs in the Department of Health, Education and Welfare",,http://rightsstatements.org/page/NKC/1.0/?language=en,"Kefauver, Estes, 1903-1963",LCNAF,personal,text,1955,1955,approximate,drafts (documents),Estes Kefauver Papers,MPA.0144,,"Kefauver, Estes 1903-1963",Creator,LCNAF,personal,,,,,"University of Tennessee, Knoxville. Special Collections","Draft of statement introducing a bill (S.728) to establish an office of children's affairs in the Department of Health, Education and Welfare. Kefauver argues that the aftermath of juvenile delinquency is adult crime, and costs the government millions in expansion of prison facilities.",,1 document (7 pages),,eng,Kefauver Crime Documents,,, , ,,,United States. Congress. Senate. Committee on the Judiciary. Subcommittee to Investigate Juvenile Delinquency,LCNAF,"United States. Department of Health, Education, and Welfare",LCNAF,Juvenile delinquency,LCSH,,,,,,,,,,,,
0012_000104_000243,Excerpts of Remarks By Estes Kefauver to the Tennessee Law Enforcement Officer's Association,,http://rightsstatements.org/page/NKC/1.0/?language=en,"Kefauver, Estes, 1903-1963",LCNAF,personal,text,1959,"August 29, 1959",exact,speeches (documents),Estes Kefauver Papers,MPA.0144,,"Kefauver, Estes 1903-1963",Creator,LCNAF,personal,,,,,"University of Tennessee, Knoxville. Special Collections",Excerpts of remarks the Senator gave in front of the Tennessee Law Enforcement Officer's Association at Knoxville's Andrew Johnson Hotel. The remarks concern the menace of crime in general and a bill to increase the amount of compensation law enforcement officers receive if hurt or killed on the job.,,1 document (3 pages),,eng,Kefauver Crime Documents,,,Knoxville (Tenn),LCNAF,,,"Kefauver, Estes, 1903-1963",LCNAF,,,Police,LCSH,,,,,,,,,,,,
0012_000104_000244,Press release on introduction of three crime-related bills,,http://rightsstatements.org/page/NKC/1.0/?language=en,"Kefauver, Estes, 1903-1963",LCNAF,personal,text,1956,1956,inferred,press releases,Estes Kefauver Papers,MPA.0144,,"Kefauver, Estes 1903-1963",Creator,LCNAF,personal,,,,,"University of Tennessee, Knoxville. Special Collections","Press release introducing bills on interstate racketeering in adoption, on treatment for drug addiction, and on facilities for juvenile delinquents released from custody.",,1 document (1 page),,eng,Kefauver Crime Documents,,,,,,,,,,,Juvenile delinquency,LCSH,Drug abuse,LCSH,Adoption,LCSH,,,,,,,,
0012_000104_000245,Draft of prologue to a movie,,http://rightsstatements.org/page/UND/1.0/?language=en,"Kefauver, Estes, 1903-1963",LCNAF,personal,text,1955,circa 1955,approximate,drafts (documents),Estes Kefauver Papers,MPA.0144,,"Kefauver, Estes 1903-1963",Creator,LCNAF,personal,,,,,"University of Tennessee, Knoxville. Special Collections","First page of Senator Estes Kefauver's dialogue, presumably for a movie about juvenile delinquency. ",,1 document (1 page),,eng,Kefauver Crime Documents,,,,,,,"Kefauver, Estes",LCNAF,,,Juvenile delinquency,LCSH,Motion pictures,LCSH,,,,,,,,,,
0012_000104_000246,"""Teenage Delinquency""",,http://rightsstatements.org/page/UND/1.0/?language=en,"Kefauver, Estes, 1903-1963",LCNAF,personal,text,1955,circa 1955,approximate,drafts (documents),Estes Kefauver Papers,MPA.0144,,,,,,,,,,"University of Tennessee, Knoxville. Special Collections","Draft of a statement advocating for better resources for juvenile delinquents, and for tougher punishments for young people who create criminal acts. This is likely not the writing of Estes Kefauver.",,1 document (4 pages),,eng,Kefauver Crime Documents,,,,,,,,,,,Juvenile delinquency,LCSH,,,,,,,,,,,,
0012_000104_000247,"""Mass Media""",The,http://rightsstatements.org/page/NKC/1.0/?language=en,"Kefauver, Estes, 1903-1963",LCNAF,personal,text,1960,1960,exact,drafts (documents),Estes Kefauver Papers,MPA.0144,,"Kefauver, Estes 1903-1963",Creator,LCNAF,personal,,,,,"University of Tennessee, Knoxville. Special Collections","Statement lauding the Senate Subcommittee to Investigate Juvenile Delinquency's effect on cleaning up the comic book industry, and regretting that the committee's work did not affect the television and motion picture industries in the same way.",,1 document (1 page),,eng,Kefauver Crime Documents,,,,,,,United States. Congress. Senate. Committee on the Judiciary. Subcommittee to Investigate Juvenile Delinquency,LCNAF,,,Juvenile delinquency,LCSH,Motion pictures,LCSH,Television,LCSH,"Comic books, strips, etc",LCSH,,,,,,
0012_000104_000248,"""Legislation to Provide Aid to States for Delinquency Projects and The Training of Personnel""",,http://rightsstatements.org/page/NKC/1.0/?language=en,"Kefauver, Estes, 1903-1963",LCNAF,personal,text,1960,1960,exact,drafts (documents),Estes Kefauver Papers,MPA.0144,,"Kefauver, Estes 1903-1963",Creator,LCNAF,personal,,,,,"University of Tennessee, Knoxville. Special Collections",Statement on types of assistance that bill S.684 could offer to communities.,,1 document (1 page),,eng,Kefauver Crime Documents,,,,,,,,,,,Juvenile delinquency,LCSH,,,,,,,,,,,,
0012_000104_000249,"""Youth Camps""",,http://rightsstatements.org/page/NKC/1.0/?language=en,"Kefauver, Estes, 1903-1963",LCNAF,personal,text,1960,1960,exact,drafts (documents),Estes Kefauver Papers,MPA.0144,,"Kefauver, Estes 1903-1963",Creator,LCNAF,personal,,,,,"University of Tennessee, Knoxville. Special Collections",Statement on billl supporting forestry camps for juvenile delinquents.,,1 document (1 page),,eng,Kefauver Crime Documents,,,,,,,,,,,Juvenile delinquency,LCSH,,,,,,,,,,,,
0012_000104_000250,"""General Delinquency Information""",,http://rightsstatements.org/page/NKC/1.0/?language=en,"Kefauver, Estes, 1903-1964",LCNAF,personal,text,1960,1960,exact,drafts (documents),Estes Kefauver Papers,MPA.0144,,"Kefauver, Estes 1903-1963",Creator,LCNAF,personal,,,,,"University of Tennessee, Knoxville. Special Collections",Statement on increasing rates of juvenile delinquency.,,1 document (1 page),,eng,Kefauver Crime Documents,,,,,,,,,,,Juvenile delinquency,LCSH,,,,,,,,,,,,
0012_000104_000252,Kefauver Statement on Interstate Confidence Game Bill,,http://rightsstatements.org/page/NKC/1.0/?language=en,"Kefauver, Estes 1903-1963",LCNAF,personal,text,1956,1956,inferred,drafts (documents),Estes Kefauver Papers,MPA.0144,,"Kefauver, Estes 1903-1963",Creator,LCNAF,personal,,,,,"University of Tennessee, Knoxville. Special Collections","Statement on need to make confidence games (""cons"") punishable by federal law. Outlines some common scams, perpetrators and victims. ",,1 document (6 pages),,eng,Kefauver Crime Documents,,,,,,,United States. Congress. Senate. Committee on the Judiciary. Subcommittee to Investigate Juvenile Delinquency,LCNAF,,,Swindlers and swindling,LCSH,Organized crime,LCSH,,,,,,,,,,
0012_000104_000253,Kefauver Address to PTA,,http://rightsstatements.org/page/NKC/1.0/?language=en,"Kefauver, Estes 1903-1963",LCNAF,personal,text,1955,circa 1955,approximate,speeches (documents),Estes Kefauver Papers,MPA.0144,,"Kefauver, Estes 1903-1963",Creator,LCNAF,personal,,,,,"University of Tennessee, Knoxville. Special Collections","Address to the Parent Teacher Association of Donelson, Tennessee on juvenile delinquency, stressing that it is a local and national problem affecting all regardless of where they live.",,1 document (9 pages),,eng,Kefauver Crime Documents,,,Donelson (Tenn),LCNAF,,,United States. Congress. Senate. Committee on the Judiciary. Subcommittee to Investigate Juvenile Delinquency,LCNAF,,,Juvenile delinquency,LCSH,,,,,,,,,,,,
0012_000104_000254,Press release of statement on juvenile delinquency from constituent,,http://rightsstatements.org/page/NKC/1.0/?language=en,"Kefauver, Estes 1903-1963",LCNAF,personal,text,1960,"March 16,1960",exact,drafts (documents),Estes Kefauver Papers,MPA.0144,,"Kefauver, Estes 1903-1963",Creator,LCNAF,personal,"Reeder, Colonel Claude ",Author, ,,"University of Tennessee, Knoxville. Special Collections","Kefauver enters the remarks of his constituent Claude Reeder into the congressional record. Like Kefauver, Reeder believes that youth camps could curb the increase in juvenile delinquency.",,1 document (2 pages),,eng,Kefauver Crime Documents,,,,,,,,,,,Juvenile delinquency,LCSH,,,,,,,,,,,,
0012_000104_000255,"""Outline for Testimony""",,http://rightsstatements.org/page/NKC/1.0/?language=en,"Kefauver, Estes 1903-1963",LCNAF,personal,text,1960,circa 1960,approximate,drafts (documents),Estes Kefauver Papers,MPA.0144,,"Kefauver, Estes 1903-1963",Creator,LCNAF,personal,,,,,"University of Tennessee, Knoxville. Special Collections","Notes for testimony on dangers of training and treatment institutes for boys, including bullying, neglect and abuse by staff. Handwritten note says, ""The whole thing needs fixing and its not finished!!""",,1 document (1 page),,eng,Kefauver Crime Documents,,,,,,,,,,,Juvenile delinquency,LCSH,Children--institutional care,LCSH,,,,,,,,,,
0012_000104_000256,Opening statement for Subcommitteee on Juvenile Delinquency hearings,,http://rightsstatements.org/page/NKC/1.0/?language=en,"Kefauver, Estes 1903-1963",LCNAF,personal,text,1958,"March 4, 1958",exact,speeches (documents),Estes Kefauver Papers,MPA.0144,,"Kefauver, Estes 1903-1963",Creator,LCNAF,personal,,,,,"University of Tennessee, Knoxville. Special Collections",Opening statement for hearings on federal government's possible role in training of youth institution staff.,,1 document (4 pages),,eng,Kefauver Crime Documents,,,,,,,United States. Congress. Senate. Committee on the Judiciary. Subcommittee to Investigate Juvenile Delinquency,LCNAF,,,Juvenile delinquency,LCSH,,LCSH,,,,,,,,,,
0012_000104_000257,Final Report of Committee on Juvenile Crime to the Council of Law Enforcement of the District of Columbia,,http://rightsstatements.org/page/NKC/1.0/?language=en,"Kefauver, Estes 1903-1963",LCNAF,personal,text,1954,"January 14, 1954",exact,reports,Estes Kefauver Papers,MPA.0144,,District of Columbia. Committee on Juvenile Crime,Creator,LCNAF,corporate,District of Columbia. Council on Law Enforcement,Creator,LCNAF,,"University of Tennessee, Knoxville. Special Collections","Final Report of the Committee on Juvenile Crime to The Council on Law Enforcment of the District of Columbia. Gives observations and recommendations on cooperation and fundings for juvenile courts and law enforcement, among other issues.",,1 document (47 pages),,eng,Kefauver Crime Documents,,,Washington (D.C.),LCNAF,,,Washington (D.C.). Committee on Juvenile Crime,LCNAF,,,Juvenile delinquency,LCSH,,,,,,,,,,,,
0012_000104_000258,Obscene and Pornographic Literature and Juvenile Delinquency,,http://rightsstatements.org/page/NoC-US/1.0/?language=en,Not in copyright, , ,text,1959,"April 13, 1959",exact,reports,Estes Kefauver Papers,MPA.0144,,Library of Congress. Legislative Reference Service. Education and Public Welfare Division.,Creator,LCNAF,corporate,"Stredrick, Theodore W.",Creator,,personal,"University of Tennessee, Knoxville. Special Collections","Digest of Senate Report No. 2831 made by Subcommittee to Investigate Juvenile Delinquency. Gives scope of subcommittee's inquiry, information on impact and interstate traffic of obscene literature, and offers recommendations.",,1 document (17 pages),,eng,Kefauver Crime Documents,,,,,,,United States. Congress. Senate. Committee on the Judiciary. Subcommittee to Investigate Juvenile Delinquency,LCNAF,,,Juvenile delinquency,LCSH,Pornography,LCSH,,,,,,,,,,
0012_000104_000259,Comic Books and Juvenile Delinquency,,http://rightsstatements.org/page/NoC-US/1.0/?language=en,Not in copyright,,,text,1957,"October 29, 1957",exact,reports,Estes Kefauver Papers,MPA.0144,,Library of Congress. Legislative Reference Service. Education and Public Welfare Division.,Creator,LCNAF,corporate,"Stredrick, Theodore W.",Creator,,personal,"University of Tennessee, Knoxville. Special Collections","Digest of Interim Report of the Subcommittee to Investigate Juvenile Delinquency. Among other issues related to comic books and juvenile delinquency, discusses comic book industry, violence and crime in comic books, and regulation.",,1 document (25 pages),,eng,Kefauver Crime Documents,,,,,,,United States. Congress. Senate. Committee on the Judiciary. Subcommittee to Investigate Juvenile Delinquency,LCNAF,,,Juvenile delinquency,LCSH,"Comic books, strips, etc",LCSH,,,,,,,,,,
0012_000104_000260,Television and Juvenile Delinquency,,http://rightsstatements.org/page/NoC-US/1.0/?language=en,Not in copyright,,,text,1958,"April 14, 1958",exact,reports,Estes Kefauver Papers,MPA.0144,,Library of Congress. Legislative Reference Service. Education and Public Welfare Division.,Creator,LCNAF,corporate,"Stredrick, Theodore W.",Creator,,personal,"University of Tennessee, Knoxville. Special Collections","Digest of committee print made by Subcommittee to Investigate Juvenile Delinquency.  Among other issues related to television and juvenile delinquency, discusses television industry, violence and crime on televison, and regulation.",,1 document (30 pages),,eng,Kefauver Crime Documents,,,,,,,United States. Congress. Senate. Committee on the Judiciary. Subcommittee to Investigate Juvenile Delinquency,LCNAF,,,Juvenile delinquency,LCSH,Television,LCSH,,,,,,,,,,
0012_000104_000261,Motion Pictures and Juvenile Delinquency,,http://rightsstatements.org/page/NoC-US/1.0/?language=en,Not in copyright,,,text,1959,"April 16, 1959",exact,reports,Estes Kefauver Papers,MPA.0144,,Library of Congress. Legislative Reference Service. Education and Public Welfare Division.,Creator,LCNAF,corporate,"Stredrick, Theodore W.",Creator,,personal,"University of Tennessee, Knoxville. Special Collections","Digest of Interim Report of the Subcommittee to Investigate Juvenile Delinquency. Among other issues related to movies and juvenile delinquency, discusses effects of violence and crime in movies.
",,1 document (29 pages),,eng,Kefauver Crime Documents,,,,,,,United States. Congress. Senate. Committee on the Judiciary. Subcommittee to Investigate Juvenile Delinquency,LCNAF,,,Juvenile delinquency,LCSH,Motion pictures,LCSH,,,,,,,,,,
0012_000104_000262,Excerpts of Kefauver Remarks to meeting of Junior Order of United American Mechanics,,http://rightsstatements.org/page/NKC/1.0/?language=en,"Kefauver, Estes 1903-1963",LCNAF,personal,text,1961,"April 16, 1961",exact,speeches (documents),Estes Kefauver Papers,MPA.0144,,"Kefauver, Estes 1903-1963",Creator,LCNAF,personal,,,,,"University of Tennessee, Knoxville. Special Collections",Excerpts of speech at Family Night Banquet of the Junior Order of United American Mechanics on juvenile delinquency and organized crime.,,1 document (5 pages),,eng,Kefauver Crime Documents,,,Knoxville (Tenn),LCNAF,,,"Kefauver, Estes",LCNAF,,,Juvenile delinquency,LCSH,Organized crime,LCSH,,,,,,,,,,
0012_000104_000263,"""Background on Subcommittee Activities March 18 to July 15 1955""",,http://rightsstatements.org/page/NKC/1.0/?language=en,"Kefauver, Estes 1903-1963",LCNAF,personal,text,1955,1955,inferred,reports,Estes Kefauver Papers,MPA.0144,,"Kefauver, Estes 1903-1963",Creator,LCNAF,personal,,,,,"University of Tennessee, Knoxville. Special Collections",Document outlining the work of the Subcommittee to Investigate Juvenile Delinquency from March 18 to July 1955.,,1 document (5 pages),,eng,Kefauver Crime Documents,,,,,,,United States. Congress. Senate. Committee on the Judiciary. Subcommittee to Investigate Juvenile Delinquency,LCNAF,,,Juvenile delinquency,LCSH,,,,,,,,,,,,
0012_000104_000264,"""Legislation Introduced by the Subcommittee in 1955""",,http://rightsstatements.org/page/NKC/1.0/?language=en,"Kefauver, Estes 1903-1963",LCNAF,personal,text,1955,1955,inferred,reports,Estes Kefauver Papers,MPA.0144,,"Kefauver, Estes 1903-1963",Creator,LCNAF,personal,,,,,"University of Tennessee, Knoxville. Special Collections",Document outlining the work of the Subcommittee to Investigate Juvenile Delinquency.,,1 document (2 pages),,eng,Kefauver Crime Documents,,,,,,,United States. Congress. Senate. Committee on the Judiciary. Subcommittee to Investigate Juvenile Delinquency,LCNAF,,,Juvenile delinquency,LCSH,,,,,,,,,,,,
0012_000104_000265,"""Subcommittee's Publications and Reports""",,http://rightsstatements.org/page/NKC/1.0/?language=en,"Kefauver, Estes 1903-1963",LCNAF,personal,text,1955,1955,inferred,reports,Estes Kefauver Papers,MPA.0144,,"Kefauver, Estes 1903-1963",Creator,LCNAF,personal,,,,,"University of Tennessee, Knoxville. Special Collections",Document listing publications and reports of the Subcommittee to Investigate Juvenile Delinquency .,,1 document (4 pages),,eng,Kefauver Crime Documents,,,,,,,United States. Congress. Senate. Committee on the Judiciary. Subcommittee to Investigate Juvenile Delinquency,LCNAF,,,Juvenile delinquency,LCSH,,,,,,,,,,,,
0012_000104_000266,"""Rehabilitation of Juvenile Delinquents""",,http://rightsstatements.org/page/NKC/1.0/?language=en,"Kefauver, Estes 1903-1963",LCNAF,personal,text,1955,1955,inferred,reports,Estes Kefauver Papers,MPA.0144,,"Kefauver, Estes 1903-1963",Creator,LCNAF,personal,,,,,"University of Tennessee, Knoxville. Special Collections",Document stating findings of Subcommittee to Investigate Juvenile Delinquency on rehabilitation.,,1 document (2 pages),,eng,Kefauver Crime Documents,,,,,,,United States. Congress. Senate. Committee on the Judiciary. Subcommittee to Investigate Juvenile Delinquency,LCNAF,,,Juvenile delinquency,LCSH,,,,,,,,,,,,
0012_000104_000267,"""Problem Area - Crime and Horror Comics""",,http://rightsstatements.org/page/NKC/1.0/?language=en,"Kefauver, Estes 1903-1963",LCNAF,personal,text,1955,1955,inferred,reports,Estes Kefauver Papers,MPA.0144,,"Kefauver, Estes 1903-1963",Creator,LCNAF,personal,,,,,"University of Tennessee, Knoxville. Special Collections",Document summarizing Subcommittee to Investigate Juvenile Delinquency findings on crime and horror comics.,,1 document (2 pages),,eng,Kefauver Crime Documents,,,,,,,United States. Congress. Senate. Committee on the Judiciary. Subcommittee to Investigate Juvenile Delinquency,LCNAF,,,Juvenile delinquency,LCSH,"Comic books, strips, etc.",LCSH,,,,,,,,,,
0012_000104_000268,"""Problem Area - Juveniles and the Armed Forces""",,http://rightsstatements.org/page/NKC/1.0/?language=en,"Kefauver, Estes 1903-1963",LCNAF,personal,text,1955,1955,inferred,reports,Estes Kefauver Papers,MPA.0144,,"Kefauver, Estes 1903-1963",Creator,LCNAF,personal,,,,,"University of Tennessee, Knoxville. Special Collections",Document summarizing Subcommittee to Investigate Juvenile Delinquency findings on juvenile delinquency's effect on the country's military strength.,,1 document (2 pages),,eng,Kefauver Crime Documents,,,,,,,United States. Congress. Senate. Committee on the Judiciary. Subcommittee to Investigate Juvenile Delinquency,LCNAF,,,Juvenile delinquency,LCSH,,,,,,,,,,,,
0012_000104_000269,"""Problem Area - Runaway Children""",,http://rightsstatements.org/page/NKC/1.0/?language=en,"Kefauver, Estes 1903-1963",LCNAF,personal,text,1955,1955,inferred,reports,Estes Kefauver Papers,MPA.0144,,"Kefauver, Estes 1903-1963",Creator,LCNAF,personal,,,,,"University of Tennessee, Knoxville. Special Collections",Document summarizing Subcommittee to Investigate Juvenile Delinquency findings on runaway children.,,1 document (2 pages),,eng,Kefauver Crime Documents,,,,,,,United States. Congress. Senate. Committee on the Judiciary. Subcommittee to Investigate Juvenile Delinquency,LCNAF,,,Juvenile delinquency,LCSH,,,,,,,,,,,,
0012_000104_000270,"""Problem Area - Educational Facilities and Programs""",,http://rightsstatements.org/page/NKC/1.0/?language=en,"Kefauver, Estes 1903-1963",LCNAF,personal,text,1955,1955,inferred,reports,Estes Kefauver Papers,MPA.0144,,"Kefauver, Estes 1903-1963",Creator,LCNAF,personal,,,,,"University of Tennessee, Knoxville. Special Collections",Document summarizing Subcommittee to Investigate Juvenile Delinquency findings on schools.,,1 document (2 pages),,eng,Kefauver Crime Documents,,,,,,,United States. Congress. Senate. Committee on the Judiciary. Subcommittee to Investigate Juvenile Delinquency,LCNAF,,,Juvenile delinquency,LCSH,Schools,LCSH,,,,,,,,,,
0012_000104_000271,"""Juvenile Courts""",,http://rightsstatements.org/page/NKC/1.0/?language=en,"Kefauver, Estes 1903-1963",LCNAF,personal,text,1955,1955,inferred,reports,Estes Kefauver Papers,MPA.0144,,"Kefauver, Estes 1903-1963",Creator,LCNAF,personal,,,,,"University of Tennessee, Knoxville. Special Collections",Document summarizing Subcommittee to Investigate Juvenile Delinquency findings on juvenile courts.,,1 document (2 pages),,eng,Kefauver Crime Documents,,,,,,,United States. Congress. Senate. Committee on the Judiciary. Subcommittee to Investigate Juvenile Delinquency,LCNAF,,,Juvenile delinquency,LCSH,Juvenile courts,LCSH,,,,,,,,,,
0012_000104_000272,"""Problem Area - Opportunities and Treatment for Handicapped Youth""",,http://rightsstatements.org/page/NKC/1.0/?language=en,"Kefauver, Estes 1903-1963",LCNAF,personal,text,1955,1955,inferred,reports,Estes Kefauver Papers,MPA.0144,,"Kefauver, Estes 1903-1963",Creator,LCNAF,personal,,,,,"University of Tennessee, Knoxville. Special Collections",Document summarizing Subcommittee to Investigate Juvenile Delinquency findings on mental health needs and disabled youth.,,1 document (1 page),,eng,Kefauver Crime Documents,,,,,,,United States. Congress. Senate. Committee on the Judiciary. Subcommittee to Investigate Juvenile Delinquency,LCNAF,,,Juvenile delinquency,LCSH,Mental health,LCSH,,,,,,,,,,
0012_000104_000273,"""Problem Area - Housing""",,http://rightsstatements.org/page/NKC/1.0/?language=en,"Kefauver, Estes 1903-1963",LCNAF,personal,text,1955,1955,inferred,reports,Estes Kefauver Papers,MPA.0144,,"Kefauver, Estes 1903-1963",Creator,LCNAF,personal,,,,,"University of Tennessee, Knoxville. Special Collections",Document summarizing Subcommittee to Investigate Juvenile Delinquency findings on the effect of housing on juvenile delinquency.,,1 document (2 pages),,eng,Kefauver Crime Documents,,,,,,,United States. Congress. Senate. Committee on the Judiciary. Subcommittee to Investigate Juvenile Delinquency,LCNAF,,,Juvenile delinquency,LCSH,Housing,LCSH,,,,,,,,,,
0012_000104_000274,"""Problem Area - National, Federal and Youth-Serving Agencies""",,http://rightsstatements.org/page/NKC/1.0/?language=en,"Kefauver, Estes 1903-1963",LCNAF,personal,text,1955,1955,inferred,reports,Estes Kefauver Papers,MPA.0144,,"Kefauver, Estes 1903-1963",Creator,LCNAF,personal,,,,,"University of Tennessee, Knoxville. Special Collections",Document summarizing Subcommittee to Investigate Juvenile Delinquency findings on needing coordination between agencies working for prevention of juvenile delinquency.,,1 document (2 pages),,eng,Kefauver Crime Documents,,,,,,,United States. Congress. Senate. Committee on the Judiciary. Subcommittee to Investigate Juvenile Delinquency,LCNAF,,,Juvenile delinquency,LCSH,,,,,,,,,,,,
0012_000104_000275,"""Problem Area - Juvenile Delinquency in Rural and Semi-Rural Areas""",,http://rightsstatements.org/page/NKC/1.0/?language=en,"Kefauver, Estes 1903-1963",LCNAF,personal,text,1955,1955,inferred,reports,Estes Kefauver Papers,MPA.0144,,"Kefauver, Estes 1903-1963",Creator,LCNAF,personal,,,,,"University of Tennessee, Knoxville. Special Collections",Document summarizing Subcommittee to Investigate Juvenile Delinquency findings on juvenile delinquency in rural areas.,,1 document (2 pages),,eng,Kefauver Crime Documents,,,,,,,United States. Congress. Senate. Committee on the Judiciary. Subcommittee to Investigate Juvenile Delinquency,LCNAF,,,Juvenile delinquency,LCSH,,,,,,,,,,,,
0012_000104_000276,"""Problem Area - Narcotics and Juvenile Delinquency""",,http://rightsstatements.org/page/NKC/1.0/?language=en,"Kefauver, Estes 1903-1963",LCNAF,personal,text,1955,1955,inferred,reports,Estes Kefauver Papers,MPA.0144,,"Kefauver, Estes 1903-1963",Creator,LCNAF,personal,,,,,"University of Tennessee, Knoxville. Special Collections",Document summarizing Subcommittee to Investigate Juvenile Delinquency findings on juvenile delinquency and narcotics.,,1 document (3 pages),,eng,Kefauver Crime Documents,,,,,,,United States. Congress. Senate. Committee on the Judiciary. Subcommittee to Investigate Juvenile Delinquency,LCNAF,,,Juvenile delinquency,LCSH,Drug abuse,LCSH,,,,,,,,,,
0012_000104_000277,"""Problem Area - Youthful Offenders""",,http://rightsstatements.org/page/NKC/1.0/?language=en,"Kefauver, Estes 1903-1963",LCNAF,personal,text,1955,1955,inferred,reports,Estes Kefauver Papers,MPA.0144,,"Kefauver, Estes 1903-1963",Creator,LCNAF,personal,,,,,"University of Tennessee, Knoxville. Special Collections",Document summarizing Subcommittee to Investigate Juvenile Delinquency findings on offenders that are not juveniles but under the age of 21.,,1 document (2 pages),,eng,Kefauver Crime Documents,,,,,,,United States. Congress. Senate. Committee on the Judiciary. Subcommittee to Investigate Juvenile Delinquency,LCNAF,,,Juvenile delinquency,LCSH,,,,,,,,,,,,
0012_000104_000278,"""Problem Area - Federal Agencies""",,http://rightsstatements.org/page/NKC/1.0/?language=en,"Kefauver, Estes 1903-1963",LCNAF,personal,text,1955,1955,inferred,reports,Estes Kefauver Papers,MPA.0144,,"Kefauver, Estes 1903-1963",Creator,LCNAF,personal,,,,,"University of Tennessee, Knoxville. Special Collections",Document summarizing Subcommittee to Investigate Juvenile Delinquency findings on the need for expansion of the federal government's role in preventing juvenile delinquency.,,1 document (2 pages),,eng,Kefauver Crime Documents,,,,,,,United States. Congress. Senate. Committee on the Judiciary. Subcommittee to Investigate Juvenile Delinquency,LCNAF,,,Juvenile delinquency,LCSH,,,,,,,,,,,,
0012_000104_000279,"""Problem Area - Juvenile Delinquency in Alaska",,http://rightsstatements.org/page/NKC/1.0/?language=en,"Kefauver, Estes 1903-1963",LCNAF,personal,text,1955,1955,inferred,reports,Estes Kefauver Papers,MPA.0144,,"Kefauver, Estes 1903-1963",Creator,LCNAF,personal,,,,,"University of Tennessee, Knoxville. Special Collections",Document summarizing Subcommittee to Investigate Juvenile Delinquency findings on juvenile delinquency and lack of rehabilitation facilities in the Alaska Territory.,,1 document (2 pages),,eng,Kefauver Crime Documents,,,Alaska,LCNAF,,,United States. Congress. Senate. Committee on the Judiciary. Subcommittee to Investigate Juvenile Delinquency,LCNAF,,,Juvenile delinquency,LCSH,,,,,,,,,,,,
0012_000104_000280,"""Problem Area - Juvenile Delinquency and the White Slavery Trade""",,http://rightsstatements.org/page/NKC/1.0/?language=en,"Kefauver, Estes 1903-1963",LCNAF,personal,text,1955,1955,inferred,reports,Estes Kefauver Papers,MPA.0144,,"Kefauver, Estes 1903-1963",Creator,LCNAF,personal,,,,,"University of Tennessee, Knoxville. Special Collections",Document summarizing Subcommittee to Investigate Juvenile Delinquency findings on youth and sex slavery.,,1 document (1 page),,eng,Kefauver Crime Documents,,,,,,,United States. Congress. Senate. Committee on the Judiciary. Subcommittee to Investigate Juvenile Delinquency,LCNAF,,,Juvenile delinquency,LCSH,Prostitution,LCSH,,,,,,,,,,
0012_000104_000281,"""Problem Area - Organized Crime and Juvenile Delinquency""",,http://rightsstatements.org/page/NKC/1.0/?language=en,"Kefauver, Estes 1903-1963",LCNAF,personal,text,1955,1955,inferred,reports,Estes Kefauver Papers,MPA.0144,,"Kefauver, Estes 1903-1963",Creator,LCNAF,personal,,,,,"University of Tennessee, Knoxville. Special Collections",Document summarizing Subcommittee to Investigate Juvenile Delinquency findings on organized crime and juvenile delinquency.,,1 document (1 page),,eng,Kefauver Crime Documents,,,,,,,United States. Congress. Senate. Committee on the Judiciary. Subcommittee to Investigate Juvenile Delinquency,LCNAF,,,Juvenile delinquency,LCSH,OrganIzed crime,LCSH,,,,,,,,,,
0012_000104_000282,"""Public Comment on Subcommittee Activities""",,http://rightsstatements.org/page/NKC/1.0/?language=en,"Kefauver, Estes 1903-1963",LCNAF,personal,text,1955,1955,inferred,reports,Estes Kefauver Papers,MPA.0144,,"Kefauver, Estes 1903-1963",Creator,LCNAF,personal,,,,,"University of Tennessee, Knoxville. Special Collections",Comments on the work of the Subcommittee to Investigate Juvenile Delinquency from politicians and civic leaders.,,1 document (15 pages),,eng,Kefauver Crime Documents,,,,,,,United States. Congress. Senate. Committee on the Judiciary. Subcommittee to Investigate Juvenile Delinquency,LCNAF,,,Juvenile delinquency,LCSH,,,,,,,,,,,,
0012_000104_000283,"""Youth's Challenges Today""",,http://rightsstatements.org/page/NKC/1.0/?language=en,"Kefauver, Estes 1903-1963",LCNAF,personal,text,1954,"May 15, 1954",exact,speeches (documents),Estes Kefauver Papers,MPA.0144,,"Kefauver, Estes 1903-1963",Creator,LCNAF,personal,,,,,"University of Tennessee, Knoxville. Special Collections",Kefauver's remarks at a luncheon of the State Jaycees of Oklahoma.,,1 document (6 pages),,eng,Kefauver Crime Documents,,,Oklahoma,LCNAF,,, , ,,,Juvenile delinquency,LCSH,,,,,,,,,,,,
0012_000104_000284,"""Excerpts of Remarks by Senator Estes Kefauver to the Women's National Democratic Club""",,http://rightsstatements.org/page/NKC/1.0/?language=en,"Kefauver, Estes 1903-1963",LCNAF,personal,text,1957,"March 25, 1957",exact,speeches (documents),Estes Kefauver Papers,MPA.0144,,"Kefauver, Estes 1903-1963",Creator,LCNAF,personal,,,,,"University of Tennessee, Knoxville. Special Collections",Remarks at the Women's Democractic Club on legislation on juvenile delinquency.,,1 document (4 pages),,eng,Kefauver Crime Documents,,,Washington (D.C.),LCNAF,,,United States. Congress. Senate. Committee on the Judiciary. Subcommittee to Investigate Juvenile Delinquency,LCNAF,,,Juvenile delinquency,LCSH, , ,,,,,,,,,,
0012_000104_000285,Statement on bill to allow for use of surplus federal property for institutions for treatment of juvenile delinquency.,,http://rightsstatements.org/page/NKC/1.0/?language=en,"Kefauver, Estes 1903-1963",LCNAF,personal,text,1959,1959,inferred,drafts (documents),Estes Kefauver Papers,MPA.0144,,"Kefauver, Estes 1903-1963",Creator,LCNAF,personal,,,,,"University of Tennessee, Knoxville. Special Collections","Draft of statement on the introduction of a bill allowing for surplus federal properties, including military installations, to be used for institutions for the rehabilitation of juvenile delinquency.",,1 document (3 pages),,eng,Kefauver Crime Documents,,,,,,,United States. Congress. Senate. Committee on the Judiciary. Subcommittee to Investigate Juvenile Delinquency,LCNAF,,,Juvenile delinquency,LCSH,Children--institutional care,LCSH,,,,,,,,,,
0012_000104_000286,"Press release on bill curbing the practices of the ""baby racket""",,http://rightsstatements.org/page/NKC/1.0/?language=en,"Kefauver, Estes 1903-1963",LCNAF,personal,text,1959,1959,inferred,press releases,Estes Kefauver Papers,MPA.0144,,"Kefauver, Estes 1903-1963",Creator,LCNAF,personal,,,,,"University of Tennessee, Knoxville. Special Collections",Press release on bill prohibiting sale of babies across state lines.,,1 document (2 pages),,eng,Kefauver Crime Documents,,,,,,,United States. Congress. Senate. Committee on the Judiciary. Subcommittee to Investigate Juvenile Delinquency,LCNAF,,,Adoption,LCSH,Organized crime,LCSH,,,,,,,,,,
0012_000104_000287,Press release on bill strengthening laws against pornography in Washington D.C.,,http://rightsstatements.org/page/NKC/1.0/?language=en,"Kefauver, Estes 1903-1963",LCNAF,personal,text,1959,1959,inferred,press releases,Estes Kefauver Papers,MPA.0144,,"Kefauver, Estes 1903-1963",Creator,LCNAF,personal,,,,,"University of Tennessee, Knoxville. Special Collections",Press release on bill strengthening law against manufacture and sale of pornography in D.C. The bill would allow ppolice to confiscare equipment used in the production of pornography.,,1 document (2 pages), ,eng,Kefauver Crime Documents,,,,,,,United States. Congress. Senate. Committee on the Judiciary. Subcommittee to Investigate Juvenile Delinquency,LCNAF,,,Juvenile delinquency,LCSH,Pornography,LCSH,,,,,,,,,,
0012_000104_000288,Press release announcing introduction of three bills on juvenile delinquency in Washington D.C.,,http://rightsstatements.org/page/NKC/1.0/?language=en,"Kefauver, Estes 1903-1963",LCNAF,personal,text,1955,1955,inferred,press releases,Estes Kefauver Papers,MPA.0144,,"Kefauver, Estes 1903-1963",Creator,LCNAF,personal,,,,,"University of Tennessee, Knoxville. Special Collections","Press release on three bills related to juvenile delinquency in Washington D.C. The bills would allow police to confiscate equipment used in pornography; providing for a referee to hear juvenile cases; and clarifying status of Director of Social Work, respectively.",,1 document (2 pages),,eng,Kefauver Crime Documents,,,Washington (D.C.),LCNAF,,,United States. Congress. Senate. Committee on the Judiciary. Subcommittee to Investigate Juvenile Delinquency,LCNAF,,,Juvenile delinquency,LCSH,Pornography,LCSH,Juvenile Courts,LCSH,,,,,,,,
0012_000104_000289,"""Memo from Senator Kefauver""",,http://rightsstatements.org/page/NKC/1.0/?language=en,"Kefauver, Estes 1903-1963",LCNAF,personal,text,1956,1956,inferred,press releases,Estes Kefauver Papers,MPA.0144,,"Kefauver, Estes 1903-1963",Creator,LCNAF,personal,,,,,"University of Tennessee, Knoxville. Special Collections","Press release on a bill allowing for surplus federal properties, including military installations, to be used for institutions for the rehabilitation of juvenile delinquency.",,1 document (1 page),,eng,Kefauver Crime Documents,,,,,,,United States. Congress. Senate. Committee on the Judiciary. Subcommittee to Investigate Juvenile Delinquency,LCNAF,,,Juvenile delinquency,LCSH,Children--institutional care,,,,,,,,,,,
0012_000104_000290,Press release on report released by Senate Subcommittee to Investigate Juvenile Delinquency,,http://rightsstatements.org/page/NKC/1.0/?language=en,"Kefauver, Estes 1903-1963",LCNAF,personal,text,1959,"April 27, 1959",exact,press releases,Estes Kefauver Papers,MPA.0144,,"Kefauver, Estes 1903-1963",Creator,LCNAF,personal,,,,,"University of Tennessee, Knoxville. Special Collections",Press release on report released by subcommittee estimating that juvenile delinquency rates will continue to climb.,,1 document (3 pages),,eng,Kefauver Crime Documents,,,,,,,United States. Congress. Senate. Committee on the Judiciary. Subcommittee to Investigate Juvenile Delinquency,LCNAF,,,Juvenile delinquency,LCSH,,,,,,,,,,,,
0012_000104_000292,Press release praising Big Brother organizations.,,http://rightsstatements.org/page/NKC/1.0/?language=en,"Kefauver, Estes 1903-1963",LCNAF,personal,text,1959,"January 12, 1959",exact,press releases,Estes Kefauver Papers,MPA.0144,,"Kefauver, Estes 1903-1963",Creator,LCNAF,personal,,,,,"University of Tennessee, Knoxville. Special Collections",Press release on comments by Estes Kefauver praising Big Brother organizations in Tennessee and beyond.,,1 document (1 page),,eng,Kefauver Crime Documents,,,,,,,United States. Congress. Senate. Committee on the Judiciary. Subcommittee to Investigate Juvenile Delinquency,LCNAF,Big Brothers/Big Sisters of America,LCNAF,Juvenile delinquency,LCSH,,,,,,,,,,,,